valid,activeDuration,urlLen,is@,isredirect,haveDash,domainLen,nosOfSubdomain,label
0,0,20,0,0,1,20,2,1
1,7305,42,0,0,0,12,2,0
0,0,155,0,0,0,14,1,1
0,0,35,0,0,0,18,3,0
1,730,79,0,0,1,14,1,1
1,1096,21,0,0,0,17,1,1
1,12053,40,0,0,0,19,2,0
0,0,50,0,0,0,20,3,0
0,0,24,0,0,0,15,3,0
1,6210,27,0,0,0,13,2,0
0,0,36,0,0,0,11,2,0
0,0,54,0,0,0,13,1,1
1,9133,27,0,0,0,14,2,0
1,3651,101,0,0,0,27,3,1
1,12783,40,0,0,0,12,2,0
0,0,27,0,0,0,20,3,0
1,10591,43,0,0,0,32,2,0
1,9133,27,0,0,0,14,2,0
1,9496,31,0,0,0,20,2,0
1,6940,19,0,0,0,13,2,0
1,9496,40,0,0,0,24,2,0
1,1827,44,0,0,0,28,3,1
1,9133,27,0,0,0,13,2,0
1,5479,55,0,1,0,15,1,1
1,9133,26,0,0,0,14,2,0
1,9133,27,0,0,0,14,2,0
0,0,95,0,0,1,39,5,1
1,1095,283,0,0,1,75,7,1
1,7671,36,0,0,0,22,2,0
1,3653,54,0,0,0,25,2,1
1,1827,173,0,0,0,22,2,1
1,6939,343,0,0,1,44,2,1
0,0,27,0,0,0,12,2,0
1,3653,27,0,0,0,26,3,1
1,9495,22,0,0,0,14,2,0
0,0,153,0,0,1,119,10,1
0,0,74,0,0,0,15,3,1
1,5113,104,0,0,0,15,2,1
0,0,83,0,0,0,28,3,1
1,7305,34,0,0,0,14,2,0
0,0,43,0,0,0,20,3,0
1,8035,28,0,0,0,22,2,0
1,4017,97,0,0,0,13,2,1
1,11322,39,0,0,0,16,2,1
1,9133,27,0,0,0,14,2,0
1,366,51,0,0,0,22,1,1
0,0,91,0,0,0,17,2,1
0,0,103,0,0,0,33,6,1
0,0,178,0,0,1,170,11,1
0,0,165,0,0,1,133,7,1
1,6574,61,0,0,0,25,3,1
0,0,153,0,0,0,19,1,1
0,0,28,0,0,0,23,1,1
1,8035,27,0,0,0,16,2,0
0,0,44,0,0,0,8,2,1
1,5478,61,0,0,0,18,3,1
1,2192,79,0,0,0,13,1,1
0,0,84,0,0,0,15,3,1
1,10228,36,0,0,0,21,3,0
1,7305,35,0,0,0,34,2,1
1,10591,26,0,0,0,16,2,0
1,5844,99,0,0,0,20,2,1
0,0,145,0,0,1,111,10,1
1,6210,54,0,0,0,20,2,0
0,0,35,0,0,0,16,1,1
1,8035,46,0,0,0,17,2,0
1,366,32,0,0,0,15,2,1
1,6940,38,0,0,0,15,2,0
1,9861,64,0,0,0,21,2,0
1,5844,85,0,0,0,12,1,0
1,3653,76,0,0,0,25,2,1
1,3653,121,0,0,0,12,2,1
1,7304,72,0,0,0,14,2,1
1,9133,26,0,0,0,14,2,0
1,10959,42,0,0,0,17,2,0
1,8035,46,0,0,0,17,2,0
0,0,170,0,0,0,26,2,1
1,4017,33,0,0,0,13,1,1
1,366,43,0,0,0,23,2,1
1,3288,71,0,0,1,70,6,1
0,0,76,0,0,0,27,1,1
1,6939,369,0,0,1,44,2,1
0,0,107,0,0,0,14,1,1
1,9862,19,0,0,0,11,1,1
0,0,76,0,0,0,27,1,1
1,731,94,0,0,0,15,2,1
1,7305,54,0,0,0,15,2,0
0,0,44,0,0,0,16,2,0
1,7671,18,0,0,0,11,1,0
0,0,47,0,0,0,15,2,0
0,0,60,0,0,0,18,2,1
0,0,50,0,0,0,23,2,1
0,0,113,0,0,0,11,1,1
1,4749,18,0,0,0,17,2,1
1,7305,38,0,0,0,17,2,0
0,0,356,0,0,1,201,12,1
0,0,63,0,0,0,28,3,1
0,0,30,0,0,0,23,1,1
1,366,92,0,0,0,12,1,1
1,6575,51,0,0,0,18,2,0
0,0,123,0,0,1,31,2,1
1,11322,34,0,0,0,17,2,0
1,10226,31,0,0,0,10,2,0
1,4017,33,0,0,0,13,1,1
1,12419,31,0,0,0,12,2,0
1,6940,48,0,0,1,23,2,0
0,0,41,0,0,0,17,3,0
1,8035,29,0,0,0,18,2,0
1,6574,125,0,0,0,19,2,1
0,0,44,0,0,0,19,2,1
1,9132,21,0,0,0,15,1,0
0,0,65,0,0,0,17,3,0
1,12419,51,0,0,0,11,2,0
0,0,64,0,0,0,16,3,1
0,0,57,0,0,1,14,2,1
1,8400,128,0,0,0,17,2,0
0,0,49,0,0,0,26,2,1
1,5113,19,0,0,0,18,2,1
0,0,52,0,0,0,18,3,0
0,0,73,0,0,0,20,2,1
1,1460,19,0,0,0,9,1,0
0,0,35,0,0,0,18,2,0
1,5844,34,0,0,0,18,2,1
1,6209,117,0,0,0,15,2,1
0,0,98,0,0,0,22,1,1
1,9861,65,0,0,0,12,2,0
0,0,71,0,0,0,19,1,1
1,8400,51,0,0,0,20,2,0
1,6939,369,0,0,1,44,2,1
1,10593,43,0,0,0,16,2,0
1,3653,235,0,0,1,218,13,1
0,0,49,0,0,0,14,1,1
1,6210,27,0,0,0,21,2,0
0,0,27,0,0,0,15,3,0
0,0,60,0,0,0,13,2,0
1,8035,43,0,0,0,16,2,0
1,12420,27,0,0,0,19,2,0
1,7670,41,0,0,0,16,2,0
1,1827,89,0,0,0,16,2,1
0,0,52,0,0,0,19,1,1
1,10228,19,0,0,0,14,2,0
1,9133,27,0,0,0,14,2,0
1,9133,27,0,0,0,14,2,0
0,0,27,0,0,0,26,3,1
1,4383,63,0,0,0,15,2,1
1,7671,28,0,0,0,15,2,0
1,6940,23,0,0,0,17,2,0
0,0,91,0,0,1,55,1,1
1,9133,27,0,0,0,14,2,0
1,6939,361,0,0,1,44,2,1
1,3652,12,0,0,0,6,1,1
0,0,14,0,0,0,8,1,1
1,6574,230,0,0,0,17,2,1
1,8035,33,0,0,0,23,2,0
1,2922,129,0,0,0,21,1,1
1,6939,343,0,0,1,44,2,1
1,5844,105,0,0,0,14,2,1
1,9133,27,0,0,0,14,2,0
1,3653,103,0,0,0,14,2,1
1,3288,59,1,0,0,16,1,1
0,0,35,0,0,0,34,3,1
1,4749,80,0,0,0,21,2,1
1,8765,27,0,0,0,13,2,0
0,0,26,0,0,0,20,3,0
1,2557,46,0,0,0,21,2,0
1,9133,27,0,0,0,14,2,0
0,0,43,0,0,0,25,2,1
1,9133,27,0,0,0,14,2,0
1,5114,44,0,0,0,14,1,1
0,0,171,0,0,1,137,7,1
0,0,39,0,0,0,7,1,1
0,0,43,0,0,0,22,2,1
1,7305,35,0,0,0,34,2,1
1,6575,35,0,0,0,15,3,1
1,9860,43,0,0,1,25,2,0
1,4018,24,0,0,0,23,3,1
1,9130,18,0,0,0,7,1,0
1,7305,33,0,0,0,22,2,0
1,9861,25,0,0,0,16,2,0
1,9496,34,0,0,0,20,2,0
0,0,101,0,0,0,11,1,1
1,6574,14,0,0,1,13,2,1
0,0,47,0,0,1,29,2,1
1,9133,27,0,0,0,14,2,0
0,0,43,0,0,1,19,3,1
1,9862,47,0,0,0,20,2,1
1,7373,29,0,0,0,20,2,0
1,4017,17,0,0,0,16,2,1
1,8400,34,0,0,0,24,2,0
0,0,28,0,0,0,18,3,0
0,0,22,0,0,1,21,2,1
1,8402,39,0,0,0,17,3,0
1,366,310,0,0,0,209,12,1
0,0,136,0,0,1,30,4,1
0,0,48,0,0,0,24,3,1
0,0,49,0,0,0,8,1,1
1,9132,106,0,0,0,13,2,1
1,3653,56,0,0,0,18,1,1
0,0,159,0,0,0,13,1,1
1,3653,73,0,0,0,41,5,1
1,9385,19,0,0,0,12,2,0
0,0,32,0,0,1,19,3,1
0,0,29,0,0,0,14,3,0
1,6940,33,0,0,0,21,2,1
0,0,54,0,0,0,19,3,1
1,6209,30,0,0,0,21,2,0
0,0,67,0,0,1,50,5,1
1,8036,35,0,0,0,16,2,0
1,6574,20,0,0,0,8,1,0
0,0,33,0,0,0,11,1,1
0,0,55,0,0,0,30,2,1
0,0,152,0,0,1,33,3,1
0,0,142,0,0,0,108,14,1
0,0,27,0,0,0,15,3,1
1,1827,106,0,0,0,11,1,1
1,4748,21,0,0,0,21,2,1
0,0,28,0,0,0,22,2,0
0,0,32,0,0,0,22,4,0
0,0,94,0,0,0,14,2,1
1,8765,63,0,0,0,16,2,0
1,6939,369,0,0,1,44,2,1
1,4383,26,0,0,0,19,1,1
1,8767,44,0,0,0,17,2,0
1,8766,31,0,0,0,16,2,0
0,0,47,0,0,0,7,1,1
0,0,180,0,0,1,78,7,1
0,0,60,0,0,0,16,2,0
0,0,44,0,0,0,24,2,1
1,4018,44,0,0,0,13,1,1
0,0,90,0,0,1,36,6,1
1,8400,35,0,0,0,16,2,0
1,4760,33,0,0,0,12,1,1
0,0,40,0,0,0,16,3,0
1,9133,26,0,0,0,14,2,0
0,0,47,0,0,0,13,1,1
1,6939,337,0,0,1,44,2,1
0,0,34,0,0,0,25,2,0
0,0,67,0,0,0,27,1,1
0,0,103,0,0,0,30,5,1
1,9133,27,0,0,0,14,2,0
0,0,32,0,0,0,12,2,1
1,731,68,0,0,0,27,3,1
0,0,34,0,0,0,15,1,1
1,10226,30,0,0,0,10,2,0
0,0,42,0,0,0,13,2,0
0,0,41,0,0,0,22,2,1
1,5479,52,0,0,0,26,2,1
1,1096,45,0,0,0,18,1,1
1,4017,33,0,0,0,13,1,1
1,8035,44,0,0,0,17,2,0
1,3287,53,0,0,0,16,1,1
1,6575,39,0,0,1,12,1,1
1,4383,27,0,0,0,27,2,1
0,0,24,0,0,0,15,2,0
1,6939,343,0,0,1,44,2,1
0,0,100,0,0,0,13,2,1
1,731,78,0,0,0,8,1,1
1,1461,42,0,0,0,29,2,0
1,4018,64,0,0,0,24,2,1
0,0,42,0,0,0,24,4,0
1,3288,85,0,0,0,13,2,1
0,0,156,0,0,0,16,2,1
0,0,30,0,0,0,17,3,0
1,8712,38,0,0,0,10,2,0
0,0,52,0,0,0,15,3,0
0,0,42,0,0,0,15,2,0
0,0,32,0,0,0,16,4,0
0,0,116,0,0,0,10,2,1
1,7305,51,0,0,0,14,2,0
0,0,62,0,0,0,24,2,1
0,0,84,0,0,1,19,1,1
0,0,36,0,0,0,10,1,1
0,0,61,0,0,0,48,7,1
0,0,38,0,0,1,16,1,1
0,0,17,0,0,0,10,2,0
1,8400,26,0,0,1,16,2,0
1,1461,13,0,0,0,9,1,1
1,8401,80,0,0,0,15,2,1
1,9701,31,0,0,0,20,2,0
1,6210,27,0,0,0,15,1,1
1,8034,42,0,0,0,13,1,0
0,0,23,0,0,0,22,3,1
1,8626,18,0,0,0,10,2,0
1,6210,37,0,0,0,14,1,1
0,0,156,0,0,0,16,2,1
1,7670,29,0,0,1,16,2,0
0,0,22,0,0,0,15,2,0
0,0,234,0,0,1,200,14,1
1,9495,50,0,0,0,20,1,0
1,4748,31,0,0,1,31,2,1
1,366,83,0,0,0,21,1,1
0,0,195,0,0,0,16,3,1
1,7671,32,0,0,0,15,2,0
0,0,16,0,0,1,14,2,1
1,1461,14,0,0,0,11,1,1
0,0,15,0,0,0,10,1,0
1,10959,53,0,0,0,18,2,0
0,0,165,0,0,0,10,1,1
0,0,33,0,0,0,16,2,0
1,9495,29,0,0,0,15,2,0
0,0,71,0,0,0,17,1,1
0,0,35,0,0,0,27,2,0
1,5114,46,0,0,0,33,2,1
0,0,53,0,0,0,23,3,0
0,0,180,0,0,0,29,2,1
1,7305,53,0,0,0,24,1,1
0,0,114,0,0,0,11,1,1
1,8036,32,0,0,0,12,2,0
1,366,90,0,0,0,13,2,1
0,0,237,0,0,0,23,2,1
1,7305,38,0,0,0,12,2,0
0,0,50,0,0,1,24,2,1
1,9133,27,0,0,0,14,2,0
1,8400,33,0,0,0,21,2,0
1,9133,27,0,0,0,14,2,0
0,0,46,0,1,0,14,2,1
0,0,28,0,0,0,18,3,0
1,731,32,0,0,0,31,2,1
1,9133,27,0,0,0,14,2,0
1,9133,27,0,0,0,14,2,0
1,8765,34,0,0,1,15,2,0
0,0,66,0,0,1,40,5,1
1,3653,48,0,0,0,22,2,1
0,0,72,0,0,0,18,2,1
1,730,30,0,0,0,14,1,1
1,4017,33,0,0,0,13,1,1
0,0,104,0,0,1,26,5,1
0,0,78,0,0,0,21,2,1
0,0,41,0,0,1,20,2,1
1,6574,49,0,0,0,16,1,1
0,0,25,0,0,1,13,1,1
1,6574,52,0,0,0,21,2,0
1,7670,119,0,0,0,21,3,1
0,0,125,0,0,1,48,4,1
1,6939,369,0,0,1,44,2,1
1,9863,53,0,0,0,24,2,0
0,0,171,0,0,0,12,1,1
1,4383,63,0,0,0,17,1,1
1,10038,25,0,0,0,17,2,0
1,9495,34,0,0,0,11,2,0
0,0,58,0,0,0,14,3,1
0,0,36,0,0,0,24,2,0
0,0,82,0,0,1,39,5,1
0,0,33,0,0,0,20,2,1
1,9861,43,0,0,0,11,2,0
0,0,56,0,0,0,16,3,0
0,0,44,0,0,0,17,2,1
0,0,41,0,0,0,11,1,1
1,9496,28,0,0,0,17,2,0
0,0,171,0,0,1,137,7,1
1,4018,44,0,0,1,15,1,1
1,3288,51,0,0,0,14,2,1
0,0,38,0,0,0,17,2,1
1,8035,65,0,0,0,9,2,1
1,5114,191,0,0,0,12,1,1
1,8400,19,0,0,0,14,2,0
0,0,58,0,0,0,15,1,1
0,0,20,0,0,0,19,3,1
1,4749,81,0,0,0,15,2,1
0,0,102,0,0,0,20,2,1
1,9863,31,0,0,0,11,1,0
1,365,87,0,0,0,14,2,1
1,8034,32,0,0,0,15,2,0
0,0,67,0,0,0,16,1,1
1,8036,34,0,0,0,16,2,0
1,3652,12,0,0,0,6,1,1
0,0,58,0,0,1,24,2,1
0,0,52,0,0,0,18,2,1
1,4748,129,0,0,0,14,2,1
0,0,39,0,0,0,21,2,1
0,0,23,0,0,0,23,2,1
1,9133,27,0,0,0,14,2,0
0,0,75,0,0,0,13,1,1
1,11689,23,0,0,0,11,2,0
0,0,223,0,0,0,28,2,1
0,0,24,0,0,0,13,3,0
1,4017,33,0,0,0,13,1,1
0,0,67,0,0,1,32,2,1
1,6940,32,0,0,0,13,2,0
1,9496,45,0,0,0,18,2,0
1,6939,369,0,0,1,44,2,1
0,0,73,0,0,0,26,2,1
1,7671,46,0,0,0,25,2,0
0,0,121,0,0,0,20,1,1
1,10956,38,0,0,0,12,1,0
1,10228,33,0,0,0,16,2,0
0,0,40,0,0,0,14,2,0
0,0,90,0,0,1,36,6,1
1,2922,156,0,0,0,17,1,1
0,0,120,0,0,0,11,2,1
1,3288,85,0,0,0,9,1,1
1,9133,27,0,0,0,14,2,0
0,0,48,0,0,0,20,3,0
1,7670,33,0,0,0,14,2,0
0,0,27,0,0,0,11,2,0
1,366,93,0,0,0,15,2,1
1,730,245,0,0,0,15,1,1
1,6939,30,0,0,0,18,2,0
1,8034,32,0,0,0,13,1,0
0,0,24,0,0,0,17,2,1
1,3653,189,0,0,0,14,1,1
0,0,210,0,0,0,18,1,1
1,10592,50,0,0,0,17,2,0
1,3653,53,0,0,0,14,1,1
0,0,17,0,0,0,16,2,1
0,0,223,0,0,0,23,1,1
0,0,42,0,0,0,14,3,0
1,8034,60,0,0,1,20,2,0
0,0,45,0,0,1,13,2,0
1,2192,208,0,0,0,15,1,1
1,9861,31,0,0,0,15,2,0
0,0,84,0,0,1,39,5,1
1,9129,23,0,0,0,14,2,0
0,0,90,0,0,1,36,6,1
1,8400,29,0,0,0,16,1,0
0,0,43,0,0,0,14,1,1
0,0,32,0,0,0,20,3,0
1,6575,45,0,0,0,28,2,0
1,4018,17,0,0,0,9,1,1
1,366,65,0,0,0,24,2,1
1,731,100,0,0,0,17,3,1
1,8035,27,0,0,0,17,2,0
0,0,33,0,0,0,17,1,1
1,731,118,0,0,0,11,1,1
1,4018,26,0,0,0,25,2,1
1,8401,40,0,0,0,14,2,0
1,366,102,0,0,0,26,1,1
0,0,22,0,0,0,14,2,0
0,0,198,0,0,1,185,12,1
0,0,141,0,0,0,16,1,1
0,0,45,0,0,0,19,2,0
0,0,104,0,0,0,32,2,1
0,0,62,0,0,0,29,2,1
1,731,51,0,0,0,26,2,0
1,4383,107,0,0,1,31,3,1
0,0,31,0,0,0,20,3,0
1,2556,27,0,0,0,20,1,1
1,10226,20,0,0,0,10,2,0
1,8035,42,0,0,0,17,2,0
1,9862,15,0,0,0,10,2,0
0,0,76,0,0,0,27,1,1
0,0,34,0,0,0,16,2,1
1,2192,30,0,0,0,19,1,1
1,9495,34,0,0,0,15,2,0
1,366,89,0,0,0,15,2,1
1,8766,41,0,0,0,19,3,1
0,0,30,0,0,0,17,2,0
1,3653,43,0,0,0,31,2,1
1,9133,27,0,0,0,14,2,0
1,5844,18,0,0,0,17,2,1
0,0,67,0,0,0,17,2,0
0,0,69,0,0,1,50,2,0
0,0,180,0,0,0,139,12,1
1,9496,27,0,0,0,18,2,0
1,13148,108,0,0,0,23,3,0
1,12419,53,0,0,0,11,2,0
1,9133,27,0,0,0,14,2,0
0,0,147,0,0,1,113,10,1
1,6939,343,0,0,1,44,2,1
1,10591,22,0,0,0,11,2,0
1,731,55,0,0,0,21,2,1
0,0,55,0,0,1,23,1,1
0,0,25,0,0,0,24,2,1
1,4749,22,0,0,0,21,2,1
0,0,40,0,0,0,16,3,0
1,8400,39,0,0,0,20,2,0
0,0,51,0,0,0,20,1,1
0,0,67,0,0,0,33,5,1
1,8401,31,0,0,0,19,2,0
0,0,25,0,0,0,18,3,0
1,4017,33,0,0,0,13,1,1
0,0,51,0,0,0,18,3,0
0,0,71,0,0,0,29,2,1
1,4018,78,0,0,1,31,2,1
1,8035,42,0,0,0,16,2,0
0,0,24,0,0,0,14,3,0
0,0,80,1,0,0,28,3,1
1,8400,31,0,0,0,20,2,0
1,1827,67,0,0,0,18,2,1
0,0,82,0,0,1,39,5,1
1,9133,27,0,0,0,14,2,0
0,0,17,0,0,0,9,2,0
1,2557,34,0,0,0,17,1,1
1,4383,55,0,0,0,18,3,1
1,9133,27,0,0,0,14,2,0
1,10959,33,0,0,0,21,2,0
0,0,42,0,0,1,30,2,0
0,0,69,0,0,0,20,1,1
1,4017,33,0,0,0,13,1,1
0,0,21,0,0,0,15,3,0
0,0,47,0,0,0,18,1,1
1,10228,38,0,0,0,16,2,0
1,7670,35,0,0,0,24,2,0
1,8035,46,0,0,0,19,2,0
0,0,188,0,0,0,13,2,1
0,0,223,0,0,1,16,1,1
1,8035,29,0,0,0,16,2,0
0,0,197,0,0,1,26,2,1
0,0,32,0,0,1,23,4,0
0,0,20,0,0,0,14,2,0
1,9133,27,0,0,0,14,2,0
0,0,122,0,0,1,26,5,1
1,8036,31,0,0,0,12,2,0
0,0,78,0,0,0,22,2,1
1,6939,369,0,0,1,44,2,1
0,0,47,0,0,0,13,1,1
0,0,84,0,0,1,39,5,1
0,0,32,0,0,0,12,2,1
0,0,41,0,0,0,21,2,1
0,0,55,0,0,0,24,2,1
0,0,237,0,0,0,16,1,1
0,0,22,0,0,0,12,2,0
1,4018,95,0,0,0,9,1,1
1,8035,49,0,0,0,16,2,0
1,4383,78,0,0,0,10,1,1
1,10591,50,0,0,0,13,2,0
1,366,85,0,0,0,12,2,1
0,0,88,0,0,0,20,3,1
1,4748,58,0,0,0,28,1,1
0,0,167,0,0,0,10,1,1
1,2953,29,0,0,0,9,1,1
0,0,33,0,0,0,14,3,0
1,4017,33,0,0,0,13,1,1
1,8765,32,0,0,0,21,2,0
0,0,56,0,0,0,18,3,0
0,0,24,0,0,1,17,1,1
1,6940,28,0,0,1,19,1,0
1,4748,56,0,0,0,28,1,1
0,0,82,0,0,1,39,5,1
1,10340,41,0,0,0,17,2,0
0,0,138,0,0,1,100,12,1
1,5844,27,0,0,0,13,1,0
0,0,20,0,0,1,19,2,1
0,0,165,0,0,1,83,8,1
1,8036,30,0,0,0,17,2,0
1,4017,33,0,0,0,13,1,1
1,2556,60,0,0,0,12,1,1
0,0,51,0,0,0,21,4,0
1,9133,27,0,0,0,14,2,0
0,0,76,0,0,0,27,1,1
0,0,76,0,0,0,27,1,1
0,0,50,0,0,0,19,2,1
1,9496,40,0,0,0,22,2,0
0,0,164,0,0,0,18,1,1
1,9131,43,0,0,1,17,2,0
1,3653,41,0,0,0,15,1,1
0,0,106,0,0,0,33,6,1
0,0,183,0,0,1,182,13,1
1,9133,26,0,0,0,14,2,0
1,11321,43,0,0,0,11,2,0
0,0,218,0,0,1,107,7,1
0,0,85,0,0,0,15,1,1
0,0,240,0,0,0,15,1,1
0,0,23,0,0,0,13,2,0
0,0,28,0,0,0,16,2,0
0,0,31,0,0,0,12,2,1
1,4017,33,0,0,0,13,1,1
1,1461,206,0,0,0,172,13,1
1,8400,41,0,0,0,16,2,1
0,0,42,0,0,0,14,2,1
1,4749,71,0,0,0,14,2,1
1,365,42,0,0,0,16,1,1
1,9133,26,0,0,0,14,2,0
1,6574,72,1,0,0,19,1,1
0,0,21,0,0,0,11,2,0
1,731,59,0,0,0,18,2,1
1,5844,68,0,0,0,15,2,1
1,12052,59,0,0,0,11,2,0
1,1827,21,0,0,0,13,2,1
1,6940,24,0,0,0,16,2,0
0,0,32,0,0,0,17,1,1
1,1096,29,0,0,0,19,2,1
1,11322,79,0,0,0,15,2,1
0,0,46,0,0,0,16,1,1
0,0,122,0,0,0,24,2,0
1,8035,40,0,0,0,13,1,0
1,9496,46,0,0,0,18,2,0
0,0,123,0,0,1,35,6,1
0,0,81,0,0,0,20,2,1
1,7670,33,0,0,0,17,2,0
1,9497,65,0,0,0,14,2,0
0,0,103,0,0,0,30,5,1
1,6575,46,0,0,0,32,2,0
1,8035,51,0,0,0,16,2,0
1,1461,68,0,0,0,23,2,1
0,0,68,0,0,1,21,1,1
0,0,72,0,0,0,10,1,1
1,11322,79,0,0,0,15,2,1
1,8767,23,0,0,0,13,2,0
0,0,56,0,0,0,30,4,1
1,6939,36,0,0,1,21,2,0
1,5113,100,0,0,0,15,2,1
1,3287,32,0,0,0,19,2,0
0,0,56,0,0,0,14,3,0
1,8035,55,0,0,0,16,2,0
1,11321,29,0,0,0,14,2,0
1,9131,39,0,0,1,16,2,0
0,0,44,0,0,0,22,2,1
1,8930,89,0,0,1,35,5,1
1,9133,43,0,0,0,16,1,0
1,3288,35,0,0,0,17,1,1
1,8400,36,0,0,0,19,2,0
0,0,94,0,0,1,31,2,1
1,6575,26,0,0,0,10,1,1
0,0,23,0,0,0,11,2,0
0,0,293,0,0,1,40,4,1
0,0,71,0,0,0,32,2,1
0,0,128,0,0,0,64,10,1
0,0,29,0,0,1,14,1,1
0,0,108,0,0,0,24,4,1
1,4749,35,0,0,0,19,1,1
1,6575,103,0,0,0,16,3,1
1,6210,38,0,0,0,16,2,0
0,0,60,0,0,0,17,1,1
1,3288,77,0,0,0,24,3,1
1,8767,33,0,0,0,20,2,0
0,0,28,0,0,0,21,3,0
0,0,42,0,0,0,11,2,0
1,366,90,0,0,0,11,1,1
1,9133,25,0,0,0,14,2,0
0,0,27,0,0,0,17,2,0
1,3653,85,0,0,0,14,2,1
0,0,189,0,0,0,18,2,1
1,7670,33,0,0,0,18,2,0
1,8767,40,0,0,0,21,2,0
1,9132,44,0,0,0,16,2,0
1,6575,69,0,0,0,17,2,0
1,2922,35,0,0,0,17,1,1
0,0,149,0,0,0,128,6,1
1,9131,60,0,0,0,16,2,0
1,4749,59,0,0,0,9,1,1
1,6575,36,0,0,0,14,2,1
0,0,73,0,0,0,21,3,0
1,1096,71,0,0,0,11,1,1
1,7670,32,0,0,0,15,1,0
1,5844,100,0,0,0,15,2,1
1,9496,36,0,0,0,21,2,0
0,0,105,0,0,0,25,1,1
1,5114,95,0,1,0,15,2,1
1,4383,25,0,0,0,24,2,1
1,4017,20,0,0,0,19,3,1
0,0,51,0,0,1,27,4,0
0,0,44,0,0,0,10,1,1
1,1096,88,0,0,0,19,1,1
0,0,24,0,0,0,14,2,1
1,11322,100,0,0,0,15,2,1
1,9133,27,0,0,0,14,2,0
1,9498,28,0,0,1,27,2,1
0,0,72,0,0,0,14,2,1
1,2922,123,0,0,1,29,2,1
1,9496,27,0,0,0,18,2,0
0,0,116,0,0,0,93,12,1
1,1096,199,0,0,0,28,2,1
0,0,24,0,0,0,11,2,0
1,4017,33,0,0,0,13,1,1
0,0,65,0,0,0,12,1,1
0,0,35,0,0,1,19,1,1
1,8400,66,0,0,0,15,2,0
1,4383,31,0,0,1,20,2,0
1,8035,37,0,0,0,16,2,0
1,4017,33,0,0,0,13,1,1
0,0,22,0,0,0,13,1,1
0,0,83,0,0,1,22,3,1
1,8401,40,0,0,0,22,2,0
0,0,13,0,0,0,8,1,0
0,0,94,0,0,0,13,2,1
1,366,101,0,0,0,25,1,1
0,0,116,0,0,0,27,5,1
1,1461,96,0,0,0,12,1,1
1,5114,79,0,0,1,25,2,1
0,0,31,0,0,0,12,2,1
1,8035,67,0,0,0,20,2,1
1,7305,28,0,0,0,17,2,0
1,8399,18,0,0,0,13,2,0
1,10959,47,0,0,0,13,2,0
1,730,19,0,0,0,15,2,1
0,0,38,0,0,0,19,3,0
1,5479,45,0,0,1,26,2,1
0,0,48,0,0,0,16,2,0
1,6940,27,0,0,0,14,1,0
0,0,30,0,0,0,19,3,0
1,8407,76,0,0,0,14,2,1
1,9131,50,0,0,0,16,2,0
1,11322,79,0,0,0,15,2,1
1,8035,43,0,0,0,17,2,0
1,8765,63,0,0,0,23,2,0
1,4749,42,0,0,0,28,2,1
0,0,31,0,0,0,16,4,0
1,9133,27,0,0,0,14,2,0
1,2557,146,0,0,1,112,14,1
1,5844,60,0,0,0,22,2,1
0,0,17,0,0,0,13,3,0
0,0,32,0,0,1,31,3,1
1,11322,32,0,0,0,12,1,0
1,9133,26,0,0,0,14,2,0
0,0,44,0,0,1,18,1,1
1,6575,38,0,0,0,11,1,1
0,0,88,0,0,0,15,2,0
1,365,196,0,0,1,153,14,1
0,0,22,0,0,1,18,1,1
1,3653,103,0,0,0,14,2,1
1,9131,80,0,0,0,17,2,0
0,0,94,0,0,0,60,7,1
1,10228,50,0,0,0,22,3,0
0,0,132,0,0,0,19,1,1
1,2922,94,0,1,0,23,2,1
0,0,24,0,0,0,13,2,0
0,0,37,0,0,0,30,3,0
1,365,54,0,0,0,22,2,1
1,12053,52,0,0,0,14,2,0
1,366,20,0,0,0,14,2,1
1,5113,148,0,0,0,23,1,1
1,366,49,0,0,0,18,1,1
0,0,33,0,0,0,11,2,0
0,0,182,0,0,0,73,2,1
1,8401,38,0,0,0,22,3,0
1,5114,29,0,0,0,16,2,0
1,4748,86,0,0,0,23,1,1
1,365,49,0,1,0,7,1,1
1,8766,27,0,0,0,14,2,0
0,0,24,0,0,0,15,2,0
0,0,92,0,0,1,36,6,1
0,0,21,0,0,0,16,1,1
1,1461,182,0,0,0,18,1,1
1,6940,33,0,0,0,13,1,0
1,8400,27,0,0,0,15,2,0
1,3653,36,0,0,0,23,2,1
0,0,41,0,0,0,19,2,0
1,6575,21,0,0,0,8,1,0
1,6939,369,0,0,1,44,2,1
1,8400,30,0,0,0,17,2,0
0,0,28,0,0,1,18,3,0
0,0,54,0,1,0,11,1,1
0,0,154,0,0,1,83,8,1
1,8035,44,0,0,0,16,2,0
0,0,49,0,0,0,20,3,0
1,9495,27,0,0,0,15,2,0
1,9495,46,0,0,0,21,2,0
1,4749,88,0,0,0,9,1,1
1,4017,33,0,0,0,13,1,1
1,1827,37,0,0,0,22,2,0
0,0,166,0,0,1,117,8,1
1,7670,34,0,0,0,15,1,0
1,366,56,0,0,0,19,2,1
1,8035,28,0,0,0,16,2,0
0,0,142,0,0,0,17,1,1
0,0,42,0,0,0,17,3,1
1,7305,77,0,0,0,14,2,0
1,9860,19,0,0,0,14,2,0
1,7671,28,0,0,0,15,2,0
0,0,50,0,0,1,12,1,1
0,0,102,0,0,1,26,5,1
1,3287,66,0,0,0,19,2,1
1,9133,26,0,0,0,14,2,0
1,3653,37,0,0,0,28,2,1
1,8036,21,0,0,0,13,2,0
1,9498,47,0,0,0,20,2,0
1,9133,26,0,0,0,14,2,0
1,6210,47,0,0,0,25,2,0
1,9133,27,0,0,0,14,2,0
1,1096,35,0,0,1,17,2,0
1,8765,28,0,0,0,13,2,0
0,0,29,0,0,0,10,1,1
0,0,106,0,0,0,12,1,1
0,0,136,0,0,0,18,3,1
0,0,126,0,0,1,92,6,1
1,10227,56,0,0,0,15,2,0
0,0,33,0,0,0,20,2,1
1,9133,27,0,0,0,14,2,0
0,0,255,0,0,1,14,1,1
1,5844,50,0,0,0,18,2,0
1,4017,33,0,0,0,13,1,1
0,0,37,0,0,0,19,3,0
1,9496,33,0,0,0,23,2,0
1,8035,34,0,0,0,14,1,0
0,0,44,0,0,0,26,3,0
0,0,65,0,0,0,16,2,1
1,4749,69,0,0,1,23,1,1
1,8766,33,0,0,0,19,1,0
0,0,36,0,0,0,9,1,1
1,7304,72,0,0,0,14,2,1
1,9133,27,0,0,0,14,2,0
1,9133,44,0,0,0,12,2,0
0,0,61,0,0,1,25,1,1
1,5113,90,0,0,0,15,2,1
0,0,149,0,0,1,115,9,1
1,5114,46,0,0,0,28,2,1
0,0,58,0,0,0,25,3,1
0,0,33,0,0,0,17,3,1
1,8399,28,0,0,0,19,2,0
1,9861,56,0,0,0,11,2,0
1,2192,79,0,0,0,13,1,1
1,7671,39,0,0,0,13,2,0
0,0,56,0,0,0,21,3,0
0,0,132,0,0,1,120,6,1
1,9496,41,0,0,0,21,2,0
0,0,76,0,0,0,27,1,1
1,8035,36,0,0,1,21,2,0
0,0,25,0,0,0,15,2,0
0,0,167,0,0,0,166,21,1
0,0,45,0,0,1,23,2,1
0,0,356,0,0,1,201,12,1
0,0,142,0,0,0,83,10,1
0,0,148,0,0,1,129,9,1
1,6939,614,0,0,1,44,2,1
0,0,10,0,0,0,9,2,1
0,0,43,0,0,1,16,1,1
1,10591,49,0,0,0,14,2,0
0,0,64,0,0,0,38,3,1
0,0,89,0,0,0,11,1,1
1,7670,72,0,0,0,19,2,0
1,5114,187,0,0,0,12,1,1
1,3652,69,0,1,0,18,2,1
1,7305,41,0,0,0,40,3,1
1,4749,91,0,0,0,14,2,1
1,5479,21,0,0,0,13,2,1
0,0,23,0,0,0,17,3,0
0,0,38,0,0,0,10,1,1
1,5479,254,0,0,1,132,14,1
0,0,19,0,0,0,19,3,1
0,0,30,0,0,0,19,3,0
1,10226,24,0,0,0,11,2,0
0,0,61,0,0,0,11,1,1
0,0,174,0,0,0,12,2,1
0,0,31,0,0,0,13,2,0
0,0,94,0,0,0,19,1,1
1,6939,26,0,0,0,16,2,0
0,0,142,0,0,0,21,2,1
1,9496,37,0,0,0,20,2,0
1,366,126,0,0,1,125,12,1
1,366,36,0,0,0,13,2,1
1,9863,38,0,0,0,12,2,0
1,365,18,0,0,0,10,1,1
0,0,116,0,0,0,14,1,1
0,0,33,0,0,0,19,2,1
1,9133,26,0,0,0,14,2,0
0,0,37,0,0,0,18,1,1
1,10591,50,0,0,0,13,2,0
0,0,38,0,0,1,16,1,1
0,0,236,0,0,1,202,12,1
1,366,71,0,0,0,14,1,1
1,8035,29,0,0,0,17,2,0
0,0,43,0,0,1,36,2,1
0,0,75,0,0,0,21,3,0
1,8034,33,0,0,0,14,2,0
1,4383,66,0,0,0,24,1,1
0,0,141,0,0,0,17,1,1
0,0,52,0,0,0,15,1,1
0,0,40,0,0,0,14,1,1
1,10226,29,0,0,0,10,2,0
1,0,22,0,0,0,15,2,1
0,0,39,0,0,0,14,2,0
0,0,43,0,0,0,17,3,0
1,9133,27,0,0,0,14,2,0
1,8402,30,0,0,0,11,2,0
1,366,82,0,0,0,13,2,1
1,7671,27,0,0,0,19,1,0
0,0,51,0,0,0,27,1,1
0,0,41,0,0,1,15,2,1
1,9496,48,0,0,0,12,2,0
1,6939,343,0,0,1,44,2,1
0,0,37,0,0,0,24,2,1
1,6939,337,0,0,1,44,2,1
0,0,31,0,0,1,23,3,0
0,0,79,0,0,1,36,6,1
0,0,22,0,0,0,15,2,0
0,0,37,0,1,0,14,1,1
1,8035,47,0,0,0,17,2,0
0,0,152,0,0,1,114,14,1
1,8400,27,0,0,0,10,1,0
1,7670,25,0,0,0,9,1,0
0,0,113,0,0,1,35,6,1
0,0,89,0,0,0,22,2,1
0,0,54,0,0,0,13,1,1
0,0,133,0,0,1,114,6,1
0,0,34,0,0,0,11,2,1
0,0,82,0,0,0,20,2,1
1,11322,30,0,0,0,17,2,0
1,10592,51,0,0,0,17,2,0
0,0,34,0,0,0,24,4,1
1,365,108,0,0,0,18,2,1
0,0,200,0,0,0,23,2,1
1,5844,14,0,0,0,13,2,1
0,0,64,0,0,0,23,4,0
0,0,202,0,0,0,30,1,1
1,7671,25,0,0,0,12,2,0
0,0,191,0,0,0,13,1,1
1,7305,26,0,0,0,13,2,0
1,9496,28,0,0,0,18,2,0
0,0,57,0,0,0,31,4,1
1,8401,45,0,0,0,22,2,0
1,7671,29,0,0,0,19,1,0
1,7671,59,0,0,0,16,2,0
1,8034,38,0,0,0,15,2,0
1,8767,21,0,0,0,14,2,0
0,0,36,0,0,0,18,3,0
1,7670,16,0,0,0,12,2,0
1,8034,32,0,0,0,17,2,0
1,8035,35,0,0,1,22,2,0
1,2922,105,0,0,1,104,14,1
0,0,96,0,0,1,23,4,1
0,0,378,0,0,1,127,13,1
0,0,82,0,0,0,11,2,1
1,5844,82,0,0,0,22,2,1
1,4383,30,0,0,0,29,2,1
1,6939,361,0,0,1,44,2,1
0,0,56,0,0,0,21,3,0
0,0,112,0,0,0,10,2,1
0,0,75,0,0,0,13,1,1
1,9130,29,0,0,0,13,2,0
1,9133,26,0,0,0,14,2,0
1,9496,35,0,0,0,18,2,0
0,0,44,0,0,1,21,3,1
1,6939,343,0,0,1,44,2,1
0,0,50,0,0,0,14,1,1
1,9133,27,0,0,0,14,2,0
1,9133,27,0,0,0,14,2,0
0,0,95,0,0,1,39,5,1
1,3652,96,0,0,0,17,2,1
0,0,42,0,0,0,14,2,1
1,7670,42,0,0,0,22,2,0
0,0,26,0,0,1,26,2,1
1,730,49,0,0,0,11,1,1
1,366,56,0,0,0,21,1,1
1,5844,32,0,0,0,22,2,0
1,7304,72,0,0,0,14,2,1
0,0,39,0,0,0,19,3,0
0,0,50,0,0,0,29,1,1
0,0,54,0,0,0,16,3,0
0,0,18,0,0,0,17,1,1
0,0,36,0,0,0,21,2,0
1,366,43,0,0,0,25,2,0
1,11322,29,0,0,0,17,2,0
1,3653,27,0,0,0,26,2,1
1,4749,22,0,0,0,17,1,1
1,9133,27,0,0,0,14,2,0
1,4017,33,0,0,0,13,1,1
1,5844,55,0,0,1,22,1,0
1,4749,27,0,0,0,18,2,1
1,7670,29,0,0,0,18,2,0
0,0,67,0,0,0,26,3,1
0,0,32,0,0,0,12,2,1
0,0,367,0,0,0,203,14,1
0,0,105,0,0,1,43,4,1
1,11322,34,0,0,0,16,2,0
0,0,32,0,0,0,11,2,0
0,0,38,0,0,0,22,3,0
1,8036,35,0,0,0,23,2,0
1,6940,97,0,0,0,14,2,1
0,0,125,0,0,1,109,11,1
1,8409,34,0,0,0,13,3,1
1,4748,69,0,0,0,15,2,1
0,0,40,0,0,0,16,3,0
1,9133,27,0,0,0,14,2,0
0,0,37,0,0,0,27,3,0
1,6940,68,0,0,0,14,2,1
1,8035,43,0,0,0,16,2,0
1,8400,76,0,0,0,19,2,1
1,6939,347,0,0,1,44,2,1
1,9133,26,0,0,0,14,2,0
1,6940,107,0,0,0,14,2,1
0,0,27,0,0,0,10,1,1
0,0,48,0,0,0,27,2,1
1,3653,99,0,0,0,14,2,1
1,2922,58,0,0,0,13,1,1
1,366,310,0,0,0,209,12,1
0,0,20,0,0,0,14,2,1
1,8400,34,0,0,0,24,3,1
0,0,159,0,0,0,140,12,1
1,9133,27,0,0,0,14,2,0
1,7670,47,0,0,0,18,2,0
0,0,64,0,0,1,19,1,1
1,8765,23,0,0,0,18,2,0
1,4383,93,0,0,0,16,2,1
1,9133,26,0,0,0,14,2,0
1,9133,27,0,0,0,14,2,0
1,366,119,0,0,0,10,1,1
0,0,184,0,0,0,14,1,1
1,366,23,0,0,0,15,2,1
1,10959,35,0,0,0,13,2,0
1,4749,60,0,0,0,11,1,0
1,5844,55,0,0,1,22,1,0
1,4749,48,0,0,1,32,2,1
0,0,47,0,0,0,15,2,0
0,0,59,0,0,0,17,3,1
0,0,42,0,0,0,17,3,1
0,0,25,0,0,0,11,2,0
0,0,158,0,0,0,18,2,1
0,0,19,0,0,0,11,2,0
1,4383,88,0,0,0,11,1,1
0,0,31,0,0,0,20,2,0
0,0,65,0,0,0,21,3,1
0,0,34,0,0,0,20,3,0
1,4017,33,0,0,0,13,1,1
1,9496,34,0,0,0,15,2,0
0,0,319,0,0,0,16,2,1
1,6939,369,0,0,1,44,2,1
0,0,97,0,0,1,39,5,1
1,4383,79,0,0,0,11,2,1
